<annotation>
	<folder>image_original</folder>
	<filename>vid_1178.jpg</filename>
	<path>C:\Users\HZ\Desktop\image_original\vid_1178.jpg</path>
	<source>
		<database>Unknown</database>
	</source>
	<size>
		<width>640</width>
		<height>360</height>
		<depth>3</depth>
	</size>
	<segmented>0</segmented>
	<object>
		<name>car</name>
		<pose>Unspecified</pose>
		<truncated>0</truncated>
		<difficult>0</difficult>
		<bndbox>
			<xmin>95</xmin>
			<ymin>139</ymin>
			<xmax>188</xmax>
			<ymax>286</ymax>
		</bndbox>
	</object>
	<object>
		<name>car</name>
		<pose>Unspecified</pose>
		<truncated>1</truncated>
		<difficult>0</difficult>
		<bndbox>
			<xmin>405</xmin>
			<ymin>1</ymin>
			<xmax>434</xmax>
			<ymax>24</ymax>
		</bndbox>
	</object>
</annotation>
