<annotation>
	<folder>image_original</folder>
	<filename>vid_1024.jpg</filename>
	<path>C:\Users\HZ\Desktop\image_original\vid_1024.jpg</path>
	<source>
		<database>Unknown</database>
	</source>
	<size>
		<width>640</width>
		<height>360</height>
		<depth>3</depth>
	</size>
	<segmented>0</segmented>
	<object>
		<name>car</name>
		<pose>Unspecified</pose>
		<truncated>0</truncated>
		<difficult>0</difficult>
		<bndbox>
			<xmin>199</xmin>
			<ymin>114</ymin>
			<xmax>258</xmax>
			<ymax>253</ymax>
		</bndbox>
	</object>
	<object>
		<name>car</name>
		<pose>Unspecified</pose>
		<truncated>1</truncated>
		<difficult>0</difficult>
		<bndbox>
			<xmin>272</xmin>
			<ymin>1</ymin>
			<xmax>299</xmax>
			<ymax>35</ymax>
		</bndbox>
	</object>
	<object>
		<name>car</name>
		<pose>Unspecified</pose>
		<truncated>0</truncated>
		<difficult>0</difficult>
		<bndbox>
			<xmin>376</xmin>
			<ymin>25</ymin>
			<xmax>410</xmax>
			<ymax>76</ymax>
		</bndbox>
	</object>
</annotation>
