<annotation>
	<folder>image_original</folder>
	<filename>vid_1169.jpg</filename>
	<path>C:\Users\HZ\Desktop\image_original\vid_1169.jpg</path>
	<source>
		<database>Unknown</database>
	</source>
	<size>
		<width>640</width>
		<height>360</height>
		<depth>3</depth>
	</size>
	<segmented>0</segmented>
	<object>
		<name>car</name>
		<pose>Unspecified</pose>
		<truncated>0</truncated>
		<difficult>0</difficult>
		<bndbox>
			<xmin>250</xmin>
			<ymin>4</ymin>
			<xmax>288</xmax>
			<ymax>69</ymax>
		</bndbox>
	</object>
	<object>
		<name>car</name>
		<pose>Unspecified</pose>
		<truncated>0</truncated>
		<difficult>0</difficult>
		<bndbox>
			<xmin>441</xmin>
			<ymin>41</ymin>
			<xmax>481</xmax>
			<ymax>93</ymax>
		</bndbox>
	</object>
</annotation>
