<annotation>
	<folder>image_original</folder>
	<filename>vid_1017.jpg</filename>
	<path>C:\Users\HZ\Desktop\image_original\vid_1017.jpg</path>
	<source>
		<database>Unknown</database>
	</source>
	<size>
		<width>640</width>
		<height>360</height>
		<depth>3</depth>
	</size>
	<segmented>0</segmented>
	<object>
		<name>car</name>
		<pose>Unspecified</pose>
		<truncated>0</truncated>
		<difficult>0</difficult>
		<bndbox>
			<xmin>463</xmin>
			<ymin>50</ymin>
			<xmax>552</xmax>
			<ymax>205</ymax>
		</bndbox>
	</object>
	<object>
		<name>car</name>
		<pose>Unspecified</pose>
		<truncated>1</truncated>
		<difficult>0</difficult>
		<bndbox>
			<xmin>271</xmin>
			<ymin>1</ymin>
			<xmax>300</xmax>
			<ymax>31</ymax>
		</bndbox>
	</object>
</annotation>
