<annotation>
	<folder>image_original</folder>
	<filename>vid_1378.jpg</filename>
	<path>C:\Users\HZ\Desktop\image_original\vid_1378.jpg</path>
	<source>
		<database>Unknown</database>
	</source>
	<size>
		<width>640</width>
		<height>360</height>
		<depth>3</depth>
	</size>
	<segmented>0</segmented>
	<object>
		<name>car</name>
		<pose>Unspecified</pose>
		<truncated>1</truncated>
		<difficult>0</difficult>
		<bndbox>
			<xmin>268</xmin>
			<ymin>1</ymin>
			<xmax>299</xmax>
			<ymax>44</ymax>
		</bndbox>
	</object>
	<object>
		<name>car</name>
		<pose>Unspecified</pose>
		<truncated>0</truncated>
		<difficult>0</difficult>
		<bndbox>
			<xmin>409</xmin>
			<ymin>167</ymin>
			<xmax>480</xmax>
			<ymax>272</ymax>
		</bndbox>
	</object>
</annotation>
