<annotation>
	<folder>image_original</folder>
	<filename>vid_1615.jpg</filename>
	<path>C:\Users\HZ\Desktop\image_original\vid_1615.jpg</path>
	<source>
		<database>Unknown</database>
	</source>
	<size>
		<width>640</width>
		<height>360</height>
		<depth>3</depth>
	</size>
	<segmented>0</segmented>
	<object>
		<name>car</name>
		<pose>Unspecified</pose>
		<truncated>0</truncated>
		<difficult>0</difficult>
		<bndbox>
			<xmin>155</xmin>
			<ymin>42</ymin>
			<xmax>207</xmax>
			<ymax>142</ymax>
		</bndbox>
	</object>
	<object>
		<name>car</name>
		<pose>Unspecified</pose>
		<truncated>0</truncated>
		<difficult>0</difficult>
		<bndbox>
			<xmin>453</xmin>
			<ymin>73</ymin>
			<xmax>503</xmax>
			<ymax>135</ymax>
		</bndbox>
	</object>
</annotation>
