<annotation>
	<folder>image_original</folder>
	<filename>vid_1216.jpg</filename>
	<path>C:\Users\HZ\Desktop\image_original\vid_1216.jpg</path>
	<source>
		<database>Unknown</database>
	</source>
	<size>
		<width>640</width>
		<height>360</height>
		<depth>3</depth>
	</size>
	<segmented>0</segmented>
	<object>
		<name>car</name>
		<pose>Unspecified</pose>
		<truncated>1</truncated>
		<difficult>0</difficult>
		<bndbox>
			<xmin>148</xmin>
			<ymin>293</ymin>
			<xmax>226</xmax>
			<ymax>360</ymax>
		</bndbox>
	</object>
	<object>
		<name>car</name>
		<pose>Unspecified</pose>
		<truncated>0</truncated>
		<difficult>0</difficult>
		<bndbox>
			<xmin>257</xmin>
			<ymin>28</ymin>
			<xmax>300</xmax>
			<ymax>104</ymax>
		</bndbox>
	</object>
</annotation>
