<annotation>
	<folder>image_original</folder>
	<filename>vid_1215.jpg</filename>
	<path>C:\Users\HZ\Desktop\image_original\vid_1215.jpg</path>
	<source>
		<database>Unknown</database>
	</source>
	<size>
		<width>640</width>
		<height>360</height>
		<depth>3</depth>
	</size>
	<segmented>0</segmented>
	<object>
		<name>car</name>
		<pose>Unspecified</pose>
		<truncated>1</truncated>
		<difficult>0</difficult>
		<bndbox>
			<xmin>165</xmin>
			<ymin>189</ymin>
			<xmax>254</xmax>
			<ymax>360</ymax>
		</bndbox>
	</object>
	<object>
		<name>car</name>
		<pose>Unspecified</pose>
		<truncated>0</truncated>
		<difficult>0</difficult>
		<bndbox>
			<xmin>266</xmin>
			<ymin>9</ymin>
			<xmax>303</xmax>
			<ymax>74</ymax>
		</bndbox>
	</object>
</annotation>
