<annotation>
	<folder>image_original</folder>
	<filename>vid_1382.jpg</filename>
	<path>C:\Users\HZ\Desktop\image_original\vid_1382.jpg</path>
	<source>
		<database>Unknown</database>
	</source>
	<size>
		<width>640</width>
		<height>360</height>
		<depth>3</depth>
	</size>
	<segmented>0</segmented>
	<object>
		<name>car</name>
		<pose>Unspecified</pose>
		<truncated>0</truncated>
		<difficult>0</difficult>
		<bndbox>
			<xmin>236</xmin>
			<ymin>67</ymin>
			<xmax>278</xmax>
			<ymax>142</ymax>
		</bndbox>
	</object>
	<object>
		<name>car</name>
		<pose>Unspecified</pose>
		<truncated>0</truncated>
		<difficult>0</difficult>
		<bndbox>
			<xmin>380</xmin>
			<ymin>32</ymin>
			<xmax>417</xmax>
			<ymax>87</ymax>
		</bndbox>
	</object>
</annotation>
