<annotation>
	<folder>image_original</folder>
	<filename>vid_1327.jpg</filename>
	<path>C:\Users\HZ\Desktop\image_original\vid_1327.jpg</path>
	<source>
		<database>Unknown</database>
	</source>
	<size>
		<width>640</width>
		<height>360</height>
		<depth>3</depth>
	</size>
	<segmented>0</segmented>
	<object>
		<name>car</name>
		<pose>Unspecified</pose>
		<truncated>0</truncated>
		<difficult>0</difficult>
		<bndbox>
			<xmin>202</xmin>
			<ymin>6</ymin>
			<xmax>239</xmax>
			<ymax>55</ymax>
		</bndbox>
	</object>
	<object>
		<name>car</name>
		<pose>Unspecified</pose>
		<truncated>0</truncated>
		<difficult>0</difficult>
		<bndbox>
			<xmin>264</xmin>
			<ymin>17</ymin>
			<xmax>301</xmax>
			<ymax>73</ymax>
		</bndbox>
	</object>
	<object>
		<name>car</name>
		<pose>Unspecified</pose>
		<truncated>0</truncated>
		<difficult>0</difficult>
		<bndbox>
			<xmin>412</xmin>
			<ymin>152</ymin>
			<xmax>486</xmax>
			<ymax>274</ymax>
		</bndbox>
	</object>
</annotation>
