<annotation>
	<folder>image_original</folder>
	<filename>vid_1620.jpg</filename>
	<path>C:\Users\HZ\Desktop\image_original\vid_1620.jpg</path>
	<source>
		<database>Unknown</database>
	</source>
	<size>
		<width>640</width>
		<height>360</height>
		<depth>3</depth>
	</size>
	<segmented>0</segmented>
	<object>
		<name>car</name>
		<pose>Unspecified</pose>
		<truncated>1</truncated>
		<difficult>0</difficult>
		<bndbox>
			<xmin>415</xmin>
			<ymin>1</ymin>
			<xmax>442</xmax>
			<ymax>25</ymax>
		</bndbox>
	</object>
	<object>
		<name>car</name>
		<pose>Unspecified</pose>
		<truncated>0</truncated>
		<difficult>0</difficult>
		<bndbox>
			<xmin>450</xmin>
			<ymin>68</ymin>
			<xmax>499</xmax>
			<ymax>130</ymax>
		</bndbox>
	</object>
	<object>
		<name>car</name>
		<pose>Unspecified</pose>
		<truncated>0</truncated>
		<difficult>0</difficult>
		<bndbox>
			<xmin>418</xmin>
			<ymin>220</ymin>
			<xmax>498</xmax>
			<ymax>336</ymax>
		</bndbox>
	</object>
</annotation>
