<annotation>
	<folder>image_original</folder>
	<filename>vid_1328.jpg</filename>
	<path>C:\Users\HZ\Desktop\image_original\vid_1328.jpg</path>
	<source>
		<database>Unknown</database>
	</source>
	<size>
		<width>640</width>
		<height>360</height>
		<depth>3</depth>
	</size>
	<segmented>0</segmented>
	<object>
		<name>car</name>
		<pose>Unspecified</pose>
		<truncated>0</truncated>
		<difficult>0</difficult>
		<bndbox>
			<xmin>195</xmin>
			<ymin>10</ymin>
			<xmax>236</xmax>
			<ymax>65</ymax>
		</bndbox>
	</object>
	<object>
		<name>car</name>
		<pose>Unspecified</pose>
		<truncated>0</truncated>
		<difficult>0</difficult>
		<bndbox>
			<xmin>257</xmin>
			<ymin>32</ymin>
			<xmax>298</xmax>
			<ymax>87</ymax>
		</bndbox>
	</object>
	<object>
		<name>car</name>
		<pose>Unspecified</pose>
		<truncated>0</truncated>
		<difficult>0</difficult>
		<bndbox>
			<xmin>403</xmin>
			<ymin>108</ymin>
			<xmax>467</xmax>
			<ymax>206</ymax>
		</bndbox>
	</object>
</annotation>
