<annotation>
	<folder>image_original</folder>
	<filename>vid_1078.jpg</filename>
	<path>C:\Users\HZ\Desktop\image_original\vid_1078.jpg</path>
	<source>
		<database>Unknown</database>
	</source>
	<size>
		<width>640</width>
		<height>360</height>
		<depth>3</depth>
	</size>
	<segmented>0</segmented>
	<object>
		<name>car</name>
		<pose>Unspecified</pose>
		<truncated>0</truncated>
		<difficult>0</difficult>
		<bndbox>
			<xmin>125</xmin>
			<ymin>105</ymin>
			<xmax>192</xmax>
			<ymax>201</ymax>
		</bndbox>
	</object>
	<object>
		<name>car</name>
		<pose>Unspecified</pose>
		<truncated>0</truncated>
		<difficult>0</difficult>
		<bndbox>
			<xmin>261</xmin>
			<ymin>23</ymin>
			<xmax>298</xmax>
			<ymax>89</ymax>
		</bndbox>
	</object>
	<object>
		<name>car</name>
		<pose>Unspecified</pose>
		<truncated>0</truncated>
		<difficult>0</difficult>
		<bndbox>
			<xmin>451</xmin>
			<ymin>24</ymin>
			<xmax>538</xmax>
			<ymax>190</ymax>
		</bndbox>
	</object>
</annotation>
