<annotation>
	<folder>image_original</folder>
	<filename>vid_1226.jpg</filename>
	<path>C:\Users\HZ\Desktop\image_original\vid_1226.jpg</path>
	<source>
		<database>Unknown</database>
	</source>
	<size>
		<width>640</width>
		<height>360</height>
		<depth>3</depth>
	</size>
	<segmented>0</segmented>
	<object>
		<name>car</name>
		<pose>Unspecified</pose>
		<truncated>0</truncated>
		<difficult>0</difficult>
		<bndbox>
			<xmin>267</xmin>
			<ymin>19</ymin>
			<xmax>303</xmax>
			<ymax>76</ymax>
		</bndbox>
	</object>
</annotation>
