<annotation>
	<folder>image_original</folder>
	<filename>vid_1032.jpg</filename>
	<path>C:\Users\HZ\Desktop\image_original\vid_1032.jpg</path>
	<source>
		<database>Unknown</database>
	</source>
	<size>
		<width>640</width>
		<height>360</height>
		<depth>3</depth>
	</size>
	<segmented>0</segmented>
	<object>
		<name>car</name>
		<pose>Unspecified</pose>
		<truncated>1</truncated>
		<difficult>0</difficult>
		<bndbox>
			<xmin>167</xmin>
			<ymin>247</ymin>
			<xmax>241</xmax>
			<ymax>360</ymax>
		</bndbox>
	</object>
	<object>
		<name>car</name>
		<pose>Unspecified</pose>
		<truncated>0</truncated>
		<difficult>0</difficult>
		<bndbox>
			<xmin>377</xmin>
			<ymin>28</ymin>
			<xmax>408</xmax>
			<ymax>82</ymax>
		</bndbox>
	</object>
	<object>
		<name>car</name>
		<pose>Unspecified</pose>
		<truncated>1</truncated>
		<difficult>0</difficult>
		<bndbox>
			<xmin>224</xmin>
			<ymin>1</ymin>
			<xmax>257</xmax>
			<ymax>36</ymax>
		</bndbox>
	</object>
</annotation>
