<annotation>
	<folder>image_original</folder>
	<filename>vid_1124.jpg</filename>
	<path>C:\Users\HZ\Desktop\image_original\vid_1124.jpg</path>
	<source>
		<database>Unknown</database>
	</source>
	<size>
		<width>640</width>
		<height>360</height>
		<depth>3</depth>
	</size>
	<segmented>0</segmented>
	<object>
		<name>car</name>
		<pose>Unspecified</pose>
		<truncated>0</truncated>
		<difficult>0</difficult>
		<bndbox>
			<xmin>78</xmin>
			<ymin>132</ymin>
			<xmax>170</xmax>
			<ymax>285</ymax>
		</bndbox>
	</object>
	<object>
		<name>car</name>
		<pose>Unspecified</pose>
		<truncated>0</truncated>
		<difficult>0</difficult>
		<bndbox>
			<xmin>507</xmin>
			<ymin>175</ymin>
			<xmax>590</xmax>
			<ymax>292</ymax>
		</bndbox>
	</object>
</annotation>
