<annotation>
	<folder>image_original</folder>
	<filename>vid_1056.jpg</filename>
	<path>C:\Users\HZ\Desktop\image_original\vid_1056.jpg</path>
	<source>
		<database>Unknown</database>
	</source>
	<size>
		<width>640</width>
		<height>360</height>
		<depth>3</depth>
	</size>
	<segmented>0</segmented>
	<object>
		<name>car</name>
		<pose>Unspecified</pose>
		<truncated>0</truncated>
		<difficult>0</difficult>
		<bndbox>
			<xmin>378</xmin>
			<ymin>49</ymin>
			<xmax>422</xmax>
			<ymax>110</ymax>
		</bndbox>
	</object>
	<object>
		<name>car</name>
		<pose>Unspecified</pose>
		<truncated>1</truncated>
		<difficult>0</difficult>
		<bndbox>
			<xmin>529</xmin>
			<ymin>239</ymin>
			<xmax>633</xmax>
			<ymax>360</ymax>
		</bndbox>
	</object>
</annotation>
