<annotation>
	<folder>image_original</folder>
	<filename>vid_1018.jpg</filename>
	<path>C:\Users\HZ\Desktop\image_original\vid_1018.jpg</path>
	<source>
		<database>Unknown</database>
	</source>
	<size>
		<width>640</width>
		<height>360</height>
		<depth>3</depth>
	</size>
	<segmented>0</segmented>
	<object>
		<name>car</name>
		<pose>Unspecified</pose>
		<truncated>1</truncated>
		<difficult>0</difficult>
		<bndbox>
			<xmin>267</xmin>
			<ymin>1</ymin>
			<xmax>298</xmax>
			<ymax>42</ymax>
		</bndbox>
	</object>
	<object>
		<name>car</name>
		<pose>Unspecified</pose>
		<truncated>0</truncated>
		<difficult>0</difficult>
		<bndbox>
			<xmin>450</xmin>
			<ymin>27</ymin>
			<xmax>531</xmax>
			<ymax>167</ymax>
		</bndbox>
	</object>
	<object>
		<name>car</name>
		<pose>Unspecified</pose>
		<truncated>1</truncated>
		<difficult>0</difficult>
		<bndbox>
			<xmin>423</xmin>
			<ymin>271</ymin>
			<xmax>516</xmax>
			<ymax>360</ymax>
		</bndbox>
	</object>
</annotation>
