<annotation>
	<folder>image_original</folder>
	<filename>vid_1164.jpg</filename>
	<path>C:\Users\HZ\Desktop\image_original\vid_1164.jpg</path>
	<source>
		<database>Unknown</database>
	</source>
	<size>
		<width>640</width>
		<height>360</height>
		<depth>3</depth>
	</size>
	<segmented>0</segmented>
	<object>
		<name>car</name>
		<pose>Unspecified</pose>
		<truncated>0</truncated>
		<difficult>0</difficult>
		<bndbox>
			<xmin>371</xmin>
			<ymin>5</ymin>
			<xmax>406</xmax>
			<ymax>62</ymax>
		</bndbox>
	</object>
	<object>
		<name>car</name>
		<pose>Unspecified</pose>
		<truncated>1</truncated>
		<difficult>0</difficult>
		<bndbox>
			<xmin>565</xmin>
			<ymin>276</ymin>
			<xmax>640</xmax>
			<ymax>360</ymax>
		</bndbox>
	</object>
</annotation>
