<annotation>
	<folder>image_original</folder>
	<filename>vid_1057.jpg</filename>
	<path>C:\Users\HZ\Desktop\image_original\vid_1057.jpg</path>
	<source>
		<database>Unknown</database>
	</source>
	<size>
		<width>640</width>
		<height>360</height>
		<depth>3</depth>
	</size>
	<segmented>0</segmented>
	<object>
		<name>car</name>
		<pose>Unspecified</pose>
		<truncated>0</truncated>
		<difficult>0</difficult>
		<bndbox>
			<xmin>374</xmin>
			<ymin>31</ymin>
			<xmax>415</xmax>
			<ymax>85</ymax>
		</bndbox>
	</object>
	<object>
		<name>car</name>
		<pose>Unspecified</pose>
		<truncated>0</truncated>
		<difficult>0</difficult>
		<bndbox>
			<xmin>505</xmin>
			<ymin>187</ymin>
			<xmax>587</xmax>
			<ymax>291</ymax>
		</bndbox>
	</object>
</annotation>
