<annotation>
	<folder>image_original</folder>
	<filename>vid_1125.jpg</filename>
	<path>C:\Users\HZ\Desktop\image_original\vid_1125.jpg</path>
	<source>
		<database>Unknown</database>
	</source>
	<size>
		<width>640</width>
		<height>360</height>
		<depth>3</depth>
	</size>
	<segmented>0</segmented>
	<object>
		<name>car</name>
		<pose>Unspecified</pose>
		<truncated>1</truncated>
		<difficult>0</difficult>
		<bndbox>
			<xmin>28</xmin>
			<ymin>179</ymin>
			<xmax>135</xmax>
			<ymax>360</ymax>
		</bndbox>
	</object>
	<object>
		<name>car</name>
		<pose>Unspecified</pose>
		<truncated>0</truncated>
		<difficult>0</difficult>
		<bndbox>
			<xmin>493</xmin>
			<ymin>144</ymin>
			<xmax>568</xmax>
			<ymax>249</ymax>
		</bndbox>
	</object>
</annotation>
