<annotation>
	<folder>image_original</folder>
	<filename>vid_1329.jpg</filename>
	<path>C:\Users\HZ\Desktop\image_original\vid_1329.jpg</path>
	<source>
		<database>Unknown</database>
	</source>
	<size>
		<width>640</width>
		<height>360</height>
		<depth>3</depth>
	</size>
	<segmented>0</segmented>
	<object>
		<name>car</name>
		<pose>Unspecified</pose>
		<truncated>0</truncated>
		<difficult>0</difficult>
		<bndbox>
			<xmin>185</xmin>
			<ymin>19</ymin>
			<xmax>227</xmax>
			<ymax>79</ymax>
		</bndbox>
	</object>
	<object>
		<name>car</name>
		<pose>Unspecified</pose>
		<truncated>0</truncated>
		<difficult>0</difficult>
		<bndbox>
			<xmin>252</xmin>
			<ymin>40</ymin>
			<xmax>295</xmax>
			<ymax>108</ymax>
		</bndbox>
	</object>
	<object>
		<name>car</name>
		<pose>Unspecified</pose>
		<truncated>0</truncated>
		<difficult>0</difficult>
		<bndbox>
			<xmin>393</xmin>
			<ymin>75</ymin>
			<xmax>448</xmax>
			<ymax>160</ymax>
		</bndbox>
	</object>
</annotation>
