<annotation>
	<folder>image_original</folder>
	<filename>vid_1250.jpg</filename>
	<path>C:\Users\HZ\Desktop\image_original\vid_1250.jpg</path>
	<source>
		<database>Unknown</database>
	</source>
	<size>
		<width>640</width>
		<height>360</height>
		<depth>3</depth>
	</size>
	<segmented>0</segmented>
	<object>
		<name>car</name>
		<pose>Unspecified</pose>
		<truncated>0</truncated>
		<difficult>0</difficult>
		<bndbox>
			<xmin>240</xmin>
			<ymin>58</ymin>
			<xmax>290</xmax>
			<ymax>161</ymax>
		</bndbox>
	</object>
	<object>
		<name>car</name>
		<pose>Unspecified</pose>
		<truncated>1</truncated>
		<difficult>0</difficult>
		<bndbox>
			<xmin>418</xmin>
			<ymin>1</ymin>
			<xmax>471</xmax>
			<ymax>64</ymax>
		</bndbox>
	</object>
</annotation>
