<annotation>
	<folder>image_original</folder>
	<filename>vid_1361.jpg</filename>
	<path>C:\Users\HZ\Desktop\image_original\vid_1361.jpg</path>
	<source>
		<database>Unknown</database>
	</source>
	<size>
		<width>640</width>
		<height>360</height>
		<depth>3</depth>
	</size>
	<segmented>0</segmented>
	<object>
		<name>car</name>
		<pose>Unspecified</pose>
		<truncated>0</truncated>
		<difficult>0</difficult>
		<bndbox>
			<xmin>185</xmin>
			<ymin>184</ymin>
			<xmax>260</xmax>
			<ymax>326</ymax>
		</bndbox>
	</object>
	<object>
		<name>car</name>
		<pose>Unspecified</pose>
		<truncated>0</truncated>
		<difficult>0</difficult>
		<bndbox>
			<xmin>501</xmin>
			<ymin>226</ymin>
			<xmax>604</xmax>
			<ymax>357</ymax>
		</bndbox>
	</object>
</annotation>
