<annotation>
	<folder>image_original</folder>
	<filename>vid_1131.jpg</filename>
	<path>C:\Users\HZ\Desktop\image_original\vid_1131.jpg</path>
	<source>
		<database>Unknown</database>
	</source>
	<size>
		<width>640</width>
		<height>360</height>
		<depth>3</depth>
	</size>
	<segmented>0</segmented>
	<object>
		<name>car</name>
		<pose>Unspecified</pose>
		<truncated>0</truncated>
		<difficult>0</difficult>
		<bndbox>
			<xmin>434</xmin>
			<ymin>25</ymin>
			<xmax>474</xmax>
			<ymax>80</ymax>
		</bndbox>
	</object>
	<object>
		<name>car</name>
		<pose>Unspecified</pose>
		<truncated>1</truncated>
		<difficult>0</difficult>
		<bndbox>
			<xmin>208</xmin>
			<ymin>1</ymin>
			<xmax>254</xmax>
			<ymax>40</ymax>
		</bndbox>
	</object>
</annotation>
