<annotation>
	<folder>image_original</folder>
	<filename>vid_1612.jpg</filename>
	<path>C:\Users\HZ\Desktop\image_original\vid_1612.jpg</path>
	<source>
		<database>Unknown</database>
	</source>
	<size>
		<width>640</width>
		<height>360</height>
		<depth>3</depth>
	</size>
	<segmented>0</segmented>
	<object>
		<name>car</name>
		<pose>Unspecified</pose>
		<truncated>1</truncated>
		<difficult>0</difficult>
		<bndbox>
			<xmin>209</xmin>
			<ymin>1</ymin>
			<xmax>245</xmax>
			<ymax>49</ymax>
		</bndbox>
	</object>
	<object>
		<name>car</name>
		<pose>Unspecified</pose>
		<truncated>0</truncated>
		<difficult>0</difficult>
		<bndbox>
			<xmin>510</xmin>
			<ymin>195</ymin>
			<xmax>595</xmax>
			<ymax>300</ymax>
		</bndbox>
	</object>
</annotation>
